{
  "cross_validation_metrics": {
    "accuracy": [
      0.9152157829839704,
      0.9094944512946979,
      0.9140813810110974,
      0.9120548485745289,
      0.9125480911512281
    ],
    "precision": [
      0.8995166387804424,
      0.8907214595042845,
      0.8965071151358344,
      0.888295423151303,
      0.8978984563883207
    ],
    "recall": [
      0.9381483276781386,
      0.9370880186118651,
      0.9397520340953119,
      0.9442051683633516,
      0.9346626657632369
    ],
    "f1": [
      0.9184264224362929,
      0.9133166422599084,
      0.9176203537312021,
      0.9153973902728351,
      0.9159117856295945
    ],
    "auc_roc": [
      0.9731630740119955,
      0.9710754233886659,
      0.9728249155071397,
      0.9726180362199944,
      0.9729923539686814
    ]
  },
  "average_metrics": {
    "accuracy": 0.9126789110031046,
    "precision": 0.8945878185920371,
    "recall": 0.9387712429023807,
    "f1": 0.9161345188659664,
    "auc_roc": 0.9725347606192953
  },
  "test_metrics": {
    "accuracy": 0.9076318934608161,
    "precision": 0.9060841663581389,
    "recall": 0.8949293027791322,
    "f1": 0.9004721898571165,
    "auc_roc": 0.9744703713884605
  },
  "timestamp": "2025-05-29 17:39:49.271574"
}